Time,ECG_Signal
0.0,-0.1276625307879323
0.01001001001001001,0.04491895122018258
0.02002002002002002,0.24940541803885252
0.03003003003003003,0.49141592237792425
0.04004004004004004,0.6894613791149018
0.050050050050050046,0.7744359625444704
0.06006006006006006,0.6612635915820967
0.07007007007007007,1.0869059262162635
0.08008008008008008,1.0505327650081058
0.09009009009009009,0.9372108551776217
0.10010010010010009,1.3306740681511477
0.11011011011011011,0.9861587129449289
0.12012012012012012,1.189545412861721
0.13013013013013014,1.19833637948629
0.14014014014014015,1.0190525588756758
0.15015015015015015,1.0734005118642276
0.16016016016016016,0.8297405002992829
0.17017017017017017,0.9402530160230597
0.18018018018018017,0.6046228900424897
0.19019019019019018,0.8448322152095347
0.20020020020020018,0.6180962107436756
0.21021021021021022,0.5122750850413116
0.22022022022022023,0.3821696393907881
0.23023023023023023,0.4336106812572489
0.24024024024024024,0.44667877538638645
0.2502502502502503,0.30310732574815646
0.2602602602602603,-0.028664301750050192
0.2702702702702703,0.14594892545518487
0.2802802802802803,0.06830908995946262
0.2902902902902903,0.04416133548881594
0.3003003003003003,0.12027072054465102
0.3103103103103103,0.09596648521014489
0.3203203203203203,0.13268421943166814
0.3303303303303303,0.02779057854523291
0.34034034034034033,0.06107394711391975
0.35035035035035034,0.21699511624156628
0.36036036036036034,0.05636605434494976
0.37037037037037035,0.2064064375189253
0.38038038038038036,0.2951168341823474
0.39039039039039036,0.23726492759045478
0.40040040040040037,0.35607713307536454
0.41041041041041043,0.24324668707878952
0.42042042042042044,0.1761691707315418
0.43043043043043044,0.20777192458548366
0.44044044044044045,0.21580224468028056
0.45045045045045046,0.04542960950617044
0.46046046046046046,-0.03622901773322155
0.47047047047047047,0.08589555062749149
0.4804804804804805,-0.27635982769939127
0.4904904904904905,-0.36833404291366184
0.5005005005005005,-0.3413993653374391
0.5105105105105106,-0.34407182153502336
0.5205205205205206,-0.6387288235994907
0.5305305305305306,-0.7991531846312014
0.5405405405405406,-0.897969366707297
0.5505505505505506,-1.0839413787981877
0.5605605605605606,-0.9443471862645901
0.5705705705705706,-1.0621559627695116
0.5805805805805806,-1.1710031688780822
0.5905905905905906,-1.1580840738713736
0.6006006006006006,-1.2115605715229305
0.6106106106106106,-1.216103530519076
0.6206206206206206,-1.218220748441182
0.6306306306306306,-1.1069589380843514
0.6406406406406406,-1.1822809849027003
0.6506506506506506,-1.120097616577324
0.6606606606606606,-0.9093529174619902
0.6706706706706707,-0.9859587761313311
0.6806806806806807,-0.8690033499447201
0.6906906906906907,-0.5729960901579422
0.7007007007007007,-0.5921241483048569
0.7107107107107107,-0.5342200153031271
0.7207207207207207,-0.2809167519352124
0.7307307307307307,-0.15392053164180697
0.7407407407407407,0.10114159784872837
0.7507507507507507,0.1536912708029879
0.7607607607607607,0.2945766433873804
0.7707707707707707,0.6007335171059305
0.7807807807807807,0.5823103578761589
0.7907907907907907,0.6378686824337192
0.8008008008008007,0.5777685519495284
0.8108108108108109,0.885370657792091
0.8208208208208209,0.7831575857042465
0.8308308308308309,0.8171559027378369
0.8408408408408409,0.7696802367142157
0.8508508508508509,0.6483996733343961
0.8608608608608609,0.8918008137285935
0.8708708708708709,0.9346926528190006
0.8808808808808809,0.8539259972741995
0.8908908908908909,0.5058436025283023
0.9009009009009009,0.672467657510177
0.9109109109109109,0.5963669529724558
0.9209209209209209,0.5372955717440662
0.9309309309309309,0.534859260671681
0.9409409409409409,0.44287866790859115
0.950950950950951,0.38303294866107834
0.960960960960961,0.37315192632431526
0.970970970970971,0.3445626771886701
0.980980980980981,0.23479637404669587
0.990990990990991,0.1789261879603267
1.001001001001001,0.28171602620105174
1.011011011011011,0.374902060494843
1.021021021021021,0.37954616648518313
1.031031031031031,0.4394479567012878
1.0410410410410411,0.4709709672845976
1.0510510510510511,0.2252687145341134
1.0610610610610611,0.25221347821921314
1.0710710710710711,0.7007064254782094
1.0810810810810811,0.3276600736935559
1.0910910910910911,0.6877772605965686
1.1011011011011012,0.6659090072357386
1.1111111111111112,0.5897978356627779
1.1211211211211212,0.650653820270476
1.1311311311311312,0.564117981492896
1.1411411411411412,0.6203451270608508
1.1511511511511512,0.4839610991161938
1.1611611611611612,0.3569826501659304
1.1711711711711712,0.4031794492847985
1.1811811811811812,0.23966366240333592
1.1911911911911912,0.31341487942745105
1.2012012012012012,-0.06139899198933682
1.2112112112112112,-0.01933481084199614
1.2212212212212212,-0.1909677522676242
1.2312312312312312,-0.25681450805079076
1.2412412412412412,-0.30319874196759655
1.2512512512512513,-0.7410569807715666
1.2612612612612613,-0.7525266979810393
1.2712712712712713,-0.6959896122575062
1.2812812812812813,-0.8858308075996754
1.2912912912912913,-0.9411323274891442
1.3013013013013013,-1.0992932490457612
1.3113113113113113,-1.3458902592274091
1.3213213213213213,-1.2060579621741514
1.3313313313313313,-1.4088312627910609
1.3413413413413413,-1.3532417805482708
1.3513513513513513,-1.2934818175810563
1.3613613613613613,-1.2626833595503522
1.3713713713713713,-1.2080513333310186
1.3813813813813813,-1.266146356400706
1.3913913913913913,-0.9763213457916209
1.4014014014014013,-0.9227869116121464
1.4114114114114114,-0.9678130961987311
1.4214214214214214,-0.48918570596601985
1.4314314314314314,-0.8236757240714218
1.4414414414414414,-0.49566932580406836
1.4514514514514514,-0.08427300846959387
1.4614614614614614,-0.20367449548612498
1.4714714714714714,-0.12548812937070025
1.4814814814814814,-0.015650668251887136
1.4914914914914914,0.37211036010133697
1.5015015015015014,0.219469014990467
1.5115115115115114,0.3632859438455267
1.5215215215215214,0.3483715593830689
1.5315315315315314,0.5617799156965816
1.5415415415415414,0.5512548818059803
1.5515515515515514,0.5189984207210667
1.5615615615615615,0.3150805958616508
1.5715715715715715,0.4836248324136055
1.5815815815815815,0.6327403294658089
1.5915915915915915,0.5421253883672784
1.6016016016016015,0.44432204630644123
1.6116116116116117,0.5085467990071753
1.6216216216216217,0.44874415658504424
1.6316316316316317,0.4436395854357101
1.6416416416416417,0.44021451706161163
1.6516516516516517,0.3267514836547241
1.6616616616616617,0.25977311406826725
1.6716716716716717,0.31260469032397353
1.6816816816816818,0.42290593146094735
1.6916916916916918,0.4248186328557126
1.7017017017017018,0.4005975855696683
1.7117117117117118,0.4425742122457591
1.7217217217217218,0.3393668347651466
1.7317317317317318,0.34604251695369526
1.7417417417417418,0.3546755563896188
1.7517517517517518,0.6132374239044679
1.7617617617617618,0.5048397025032052
1.7717717717717718,0.6244805354729233
1.7817817817817818,0.8245448173271971
1.7917917917917918,0.80275031431441
1.8018018018018018,0.7273577799557579
1.8118118118118118,0.8794071235682885
1.8218218218218218,0.9673588955275998
1.8318318318318318,0.9143115246869786
1.8418418418418419,0.9747065739283857
1.8518518518518519,0.8350069176586837
1.8618618618618619,0.8294069663408574
1.8718718718718719,0.8534090897991533
1.8818818818818819,0.7946591240729043
1.8918918918918919,0.7244668823421885
1.901901901901902,0.4247991390232566
1.911911911911912,0.5420621163780421
1.921921921921922,0.31872416019028466
1.931931931931932,0.2199084712441967
1.941941941941942,0.20925515806325612
1.951951951951952,-0.1132529202265336
1.961961961961962,-0.11192362741118128
1.971971971971972,-0.3818056712316694
1.981981981981982,-0.46537782879113065
1.991991991991992,-0.5875151282957893
2.002002002002002,-0.8440678864698098
2.012012012012012,-0.6348455389054093
2.022022022022022,-1.0361385992729628
2.032032032032032,-1.0700884951288065
2.042042042042042,-1.0613012950257976
2.052052052052052,-1.1510887948039628
2.062062062062062,-1.2175233454046164
2.0720720720720722,-1.2049306713692416
2.0820820820820822,-1.2977305521208062
2.0920920920920922,-1.157266578018814
2.1021021021021022,-1.0208168869905587
2.1121121121121122,-1.0840227918709844
2.1221221221221223,-0.9724441233410798
2.1321321321321323,-0.9832466095729494
2.1421421421421423,-0.9007501635133688
2.1521521521521523,-0.7119935094079876
2.1621621621621623,-0.4435716378843103
2.1721721721721723,-0.3455665116786195
2.1821821821821823,-0.2890240124455692
2.1921921921921923,-0.327449237488876
2.2022022022022023,-0.18173310560415365
2.2122122122122123,-0.14181759423482243
2.2222222222222223,0.08819327447473989
2.2322322322322323,-0.022405864236294128
2.2422422422422423,0.22669209759518472
2.2522522522522523,0.13374331875362633
2.2622622622622623,0.18920384515442165
2.2722722722722724,0.011112708801314264
2.2822822822822824,0.10120530598751547
2.2922922922922924,0.18220550929841334
2.3023023023023024,0.22385007914987035
2.3123123123123124,0.16051253683381994
2.3223223223223224,0.22931124868195313
2.3323323323323324,0.08096816788419334
2.3423423423423424,-0.044075854355183935
2.3523523523523524,-0.1478482231567429
2.3623623623623624,-0.12467434900494265
2.3723723723723724,-0.08377390013240682
2.3823823823823824,0.01266760091925753
2.3923923923923924,-0.035784614051033586
2.4024024024024024,0.08702241841634441
2.4124124124124124,0.22096582466517412
2.4224224224224224,0.23364665090718134
2.4324324324324325,0.16042785479312882
2.4424424424424425,0.17870338434438038
2.4524524524524525,0.30647757193510494
2.4624624624624625,0.521040957670944
2.4724724724724725,0.7680493430293334
2.4824824824824825,0.5749951671883158
2.4924924924924925,0.7702221547384581
2.5025025025025025,0.7328512374000672
2.5125125125125125,1.0185424985798635
2.5225225225225225,1.0018529341426514
2.5325325325325325,1.022527543390681
2.5425425425425425,1.1539995212113936
2.5525525525525525,0.927442092722169
2.5625625625625625,1.1557387206193568
2.5725725725725725,1.1770462209092711
2.5825825825825826,1.1584758282857646
2.5925925925925926,0.8617042661960609
2.6026026026026026,0.7689061819270149
2.6126126126126126,0.8996607065264345
2.6226226226226226,0.6211476970774759
2.6326326326326326,0.838304374248924
2.6426426426426426,0.7381922212106538
2.6526526526526526,0.6982521828781121
2.6626626626626626,0.3552455728283064
2.6726726726726726,0.2272058320430864
2.6826826826826826,0.006691178998716959
2.6926926926926926,-0.10565661921959447
2.7027027027027026,-0.3740940245645124
2.7127127127127126,-0.5357094370293984
2.7227227227227226,-0.5790281957854494
2.7327327327327327,-0.7577216593777539
2.7427427427427427,-0.7999279903346358
2.7527527527527527,-0.9242772936326504
2.7627627627627627,-0.9248542054021452
2.7727727727727727,-1.0074063379978573
2.7827827827827827,-1.009885100983822
2.7927927927927927,-1.0651045456056583
2.8028028028028027,-0.9983846111983905
2.8128128128128127,-0.876181087469042
2.8228228228228227,-0.9453152165785189
2.8328328328328327,-0.8494055916889808
2.8428428428428427,-0.8029682066823024
2.8528528528528527,-0.7773826835763309
2.8628628628628627,-0.7291379951285207
2.8728728728728727,-0.40559615594994514
2.8828828828828827,-0.6225415124030599
2.8928928928928928,-0.49965818005607915
2.9029029029029028,-0.3636329222713683
2.9129129129129128,-0.2863604093861375
2.9229229229229228,-0.368575459922223
2.932932932932933,-0.3524364719058042
2.942942942942943,-0.40954596590027104
2.952952952952953,-0.15292160024272336
2.962962962962963,-0.09233587135663805
2.972972972972973,-0.11993362473987912
2.982982982982983,-0.10059560082355738
2.992992992992993,-0.06665579109958544
3.003003003003003,-0.3185628240216983
3.013013013013013,-0.08765584520053155
3.023023023023023,-0.2868707987135823
3.033033033033033,-0.29367205532237495
3.043043043043043,-0.31706890781171687
3.053053053053053,-0.23495983887975658
3.063063063063063,-0.48442384792257914
3.073073073073073,-0.3632178378487617
3.083083083083083,-0.32515557260006733
3.093093093093093,-0.2652587229433468
3.103103103103103,-0.38228785751978306
3.113113113113113,-0.2152988300809557
3.123123123123123,-0.17080204310335112
3.133133133133133,-0.16422147732675524
3.143143143143143,0.06554595094634882
3.153153153153153,0.05040472674038052
3.163163163163163,0.0578317676918947
3.173173173173173,0.11446208402302499
3.183183183183183,0.2893186020347023
3.193193193193193,0.5434603874736332
3.203203203203203,0.37326245995846197
3.2132132132132134,0.8209572214970666
3.2232232232232234,0.6954377622209662
3.2332332332332334,1.2689911549488722
3.2432432432432434,1.0791576929951439
3.2532532532532534,0.956305701794785
3.2632632632632634,1.3349259939836016
3.2732732732732734,1.0877568183615023
3.2832832832832834,1.2423801825373657
3.2932932932932935,1.2196921917732353
3.3033033033033035,1.2357876297403383
3.3133133133133135,1.3991873976411386
3.3233233233233235,1.129417941642653
3.3333333333333335,1.2110861279439462
3.3433433433433435,1.011170004343955
3.3533533533533535,0.9125432591580009
3.3633633633633635,0.8408487132861978
3.3733733733733735,0.5963055444856837
3.3833833833833835,0.48646123739737573
3.3933933933933935,0.31352637765862557
3.4034034034034035,0.23530167553298875
3.4134134134134135,0.03411417524119138
3.4234234234234235,-0.06170619950247226
3.4334334334334335,-0.2437692830235741
3.4434434434434436,-0.18378789072836366
3.4534534534534536,-0.3453950142799931
3.4634634634634636,-0.35398723128228277
3.4734734734734736,-0.5123919288561155
3.4834834834834836,-0.695363242973142
3.4934934934934936,-0.7130282190867149
3.5035035035035036,-0.8225291158704087
3.5135135135135136,-0.723915420131181
3.5235235235235236,-0.7895247094297815
3.5335335335335336,-0.755023051894339
3.5435435435435436,-0.7431809903154264
3.5535535535535536,-0.7235111261163112
3.5635635635635636,-0.7805466252293648
3.5735735735735736,-0.690701947928855
3.5835835835835836,-0.6768951704979345
3.5935935935935936,-0.42182423964138027
3.6036036036036037,-0.43073072528268885
3.6136136136136137,-0.5567016492043745
3.6236236236236237,-0.45627165851760115
3.6336336336336337,-0.4215917363113637
3.6436436436436437,-0.23421741459188858
3.6536536536536537,-0.1732118475929541
3.6636636636636637,-0.33995397243295816
3.6736736736736737,-0.260664487195157
3.6836836836836837,-0.18178243226843852
3.6936936936936937,-0.32403148577325763
3.7037037037037037,-0.467399349325916
3.7137137137137137,-0.34867387157979607
3.7237237237237237,-0.5358928851113407
3.7337337337337337,-0.5604248911152947
3.7437437437437437,-0.5116656381685475
3.7537537537537538,-0.5567079908351629
3.7637637637637638,-0.5165573550959497
3.7737737737737738,-0.5860649254622983
3.7837837837837838,-0.4701547580128528
3.793793793793794,-0.5689224371258457
3.803803803803804,-0.50779364689559
3.813813813813814,-0.5849633696241632
3.823823823823824,-0.6714995247316083
3.833833833833834,-0.5297632209094028
3.843843843843844,-0.4094645282410594
3.853853853853854,-0.6191631059615277
3.863863863863864,-0.3951743404533662
3.873873873873874,-0.1502255267021211
3.883883883883884,0.14892341335315237
3.893893893893894,-0.007607502820866186
3.903903903903904,0.35780622802190626
3.913913913913914,0.4520947779501183
3.923923923923924,0.5666422508566537
3.933933933933934,0.5708731962642992
3.943943943943944,0.7935767699300211
3.953953953953954,0.6912398816018837
3.963963963963964,1.078997087324335
3.973973973973974,0.9901595189278125
3.983983983983984,1.1832971613423642
3.993993993993994,1.2191113762088361
4.004004004004004,1.312275938702846
4.014014014014014,1.2509928690275616
4.024024024024024,1.4507384111044241
4.034034034034034,1.1741601705514046
4.044044044044044,1.313251394020701
4.054054054054054,1.0353329506104085
4.064064064064064,0.993310807647812
4.074074074074074,0.9732839084813818
4.084084084084084,1.0219301036753525
4.094094094094094,0.8586705975418658
4.104104104104104,0.6546773623040726
4.114114114114114,0.7146141169106631
4.124124124124124,0.5785781386195938
4.134134134134134,0.33334441458474556
4.1441441441441444,0.25892237424332293
4.1541541541541545,-0.060301854272334976
4.1641641641641645,0.1440265899344776
4.1741741741741745,-0.3009046133844166
4.1841841841841845,-0.07823866872916552
4.1941941941941945,-0.35494587152955026
4.2042042042042045,-0.40997188144379626
4.2142142142142145,-0.47323251331012983
4.2242242242242245,-0.5603206034152659
4.2342342342342345,-0.45791304691156187
4.2442442442442445,-0.4115663217036618
4.2542542542542545,-0.3698790456094404
4.2642642642642645,-0.44066955986895595
4.2742742742742745,-0.2534931724939198
4.2842842842842845,-0.26869248911639043
4.2942942942942945,-0.24270745603385038
4.3043043043043046,-0.2790090640530137
4.314314314314315,-0.42346940218339113
4.324324324324325,-0.15755834391538096
4.334334334334335,-0.26860533650821206
4.344344344344345,-0.06891483197097434
4.354354354354355,-0.3227903753187844
4.364364364364365,-0.16567848067517582
4.374374374374375,-0.3213911494282412
4.384384384384385,-0.21081895040418702
4.394394394394395,-0.2472251670615891
4.404404404404405,-0.4408453585114982
4.414414414414415,-0.44644419078774733
4.424424424424425,-0.5439337732853896
4.434434434434435,-0.6148623099872943
4.444444444444445,-0.7084240319510426
4.454454454454455,-0.730097246535033
4.464464464464465,-0.6562317973276891
4.474474474474475,-0.7384767764323492
4.484484484484485,-0.903929768231785
4.494494494494495,-0.8201781025672978
4.504504504504505,-1.0479253698818976
4.514514514514515,-0.8130819846189521
4.524524524524525,-1.0185546447414058
4.534534534534535,-1.0173201584460438
4.544544544544545,-1.0865747127610992
4.554554554554555,-0.846206985153349
4.564564564564565,-0.9310844360761513
4.574574574574575,-0.6563860711869154
4.584584584584585,-0.6409109551967282
4.594594594594595,-0.33731122267166636
4.604604604604605,-0.610534419023
4.614614614614615,-0.3037858511017293
4.624624624624625,-0.041237521596473516
4.634634634634635,0.009481462530626893
4.644644644644645,0.12847868024876055
4.654654654654655,0.38986044538045606
4.664664664664665,0.5374388554129983
4.674674674674675,0.6769416097903246
4.684684684684685,0.6904597072021497
4.694694694694695,0.9154291707015647
4.704704704704705,1.0559296086696393
4.714714714714715,1.1731855392569663
4.724724724724725,1.2192005018762462
4.734734734734735,1.2829603599392585
4.744744744744745,1.2228359837468146
4.754754754754755,1.4708915834290486
4.764764764764765,1.1247582472510467
4.774774774774775,1.165506531323987
4.784784784784785,0.936136968042284
4.794794794794795,0.9511885276132009
4.804804804804805,1.0138050758555108
4.814814814814815,1.0638056446160313
4.824824824824825,0.762289678734176
4.834834834834835,0.5893474718714431
4.844844844844845,0.469043339213621
4.854854854854855,0.4430750293549017
4.864864864864865,0.443298140722203
4.874874874874875,0.31269376936821236
4.884884884884885,0.30270596472414263
4.894894894894895,0.16169599238598079
4.904904904904905,0.14593147291348418
4.914914914914915,0.007974811105263482
4.924924924924925,-0.13734668102545788
4.934934934934935,-0.006725902701815389
4.944944944944945,-0.12002793630302601
4.954954954954955,-0.025731707698574975
4.964964964964965,0.007085345082526909
4.974974974974975,-0.05583892577254109
4.984984984984985,-0.31760431333236844
4.994994994994995,0.008844020738930584
5.005005005005005,-0.03373770137743472
5.015015015015015,0.13325158776704518
5.025025025025025,-0.07697228941761106
5.035035035035035,0.10180573275503345
5.045045045045045,0.008921292603664227
5.055055055055055,0.05405586438178894
5.065065065065065,0.07841622847866564
5.075075075075075,-0.12302072948805531
5.085085085085085,-0.20389440496592276
5.095095095095095,-0.09915060219963054
5.105105105105105,-0.16636830585831303
5.115115115115115,-0.3069032031438197
5.125125125125125,-0.47844138652544
5.135135135135135,-0.34599748715822054
5.145145145145145,-0.4774010564251973
5.155155155155155,-0.6025342388132005
5.165165165165165,-0.7578388068529259
5.175175175175175,-0.7727340820905945
5.185185185185185,-0.6883643062547562
5.195195195195195,-0.9297431259358224
5.205205205205205,-0.9712487903961613
5.215215215215215,-0.9329448170630483
5.225225225225225,-1.2845642955250334
5.235235235235235,-1.028258398035852
5.245245245245245,-1.1572546789106666
5.255255255255255,-1.223777003693034
5.265265265265265,-1.0230028702394907
5.275275275275275,-1.1816489646005033
5.285285285285285,-1.1466683283020085
5.295295295295295,-0.9363829700415499
5.305305305305305,-0.7916555335578769
5.315315315315315,-0.6804838290055311
5.325325325325325,-0.7631895340755657
5.335335335335335,-0.5887715360353754
5.345345345345345,-0.4319031822390595
5.355355355355355,0.034769643776291076
5.365365365365365,-0.02470328687423257
5.375375375375375,0.1072054156716512
5.385385385385385,0.330230538991624
5.395395395395395,0.5429428459586901
5.405405405405405,0.4699431066536001
5.415415415415415,0.5984329887760453
5.425425425425425,0.8410694554870557
5.435435435435435,0.6752122478767547
5.445445445445445,0.9514241938352206
5.455455455455455,0.8876978298755881
5.465465465465465,0.7997467801219309
5.475475475475475,0.9697304694066643
5.485485485485485,0.9122203415976247
5.495495495495495,0.9993968116435974
5.505505505505505,0.9444729434981805
5.515515515515515,0.86869359688081
5.525525525525525,0.8690012315728252
5.535535535535535,0.7127489907741434
5.545545545545545,0.65956544582347
5.555555555555555,0.5067121657827165
5.565565565565565,0.5508115659201221
5.575575575575575,0.35111189093259243
5.585585585585585,0.5352810861071676
5.595595595595595,0.2564520622943911
5.605605605605605,0.23203200001163446
5.615615615615615,0.23187195988725542
5.625625625625625,0.31691127687631804
5.635635635635635,0.2065981453903211
5.645645645645645,0.40274998915354376
5.655655655655655,0.19939681008340568
5.665665665665665,0.15717676709816444
5.675675675675675,0.4536658200781233
5.685685685685685,0.376778404889529
5.6956956956956954,0.3566086684802543
5.7057057057057055,0.3233781891198377
5.7157157157157155,0.22473026952395248
5.7257257257257255,0.3528135319159747
5.7357357357357355,0.5956527597317091
5.7457457457457455,0.3863159080488477
5.7557557557557555,0.4790039094298822
5.7657657657657655,0.48234070612495167
5.7757757757757755,0.2985971647744249
5.7857857857857855,0.2540058631912673
5.7957957957957955,0.2843390452934294
5.8058058058058055,0.3757095646132107
5.8158158158158155,0.4335520589073321
5.8258258258258255,0.3559537395353165
5.8358358358358355,0.001092337023674189
5.8458458458458455,-0.2559402562764417
5.8558558558558556,-0.13510212481510897
5.865865865865866,-0.42828054653452147
5.875875875875876,-0.5645731013769217
5.885885885885886,-0.5975208355935245
5.895895895895896,-0.6548404494177027
5.905905905905906,-0.7184327762335261
5.915915915915916,-1.026505078332289
5.925925925925926,-1.0481081101937912
5.935935935935936,-1.342799770293312
5.945945945945946,-1.1657633088386092
5.955955955955956,-1.0723650418545607
5.965965965965966,-1.2519281511319655
5.975975975975976,-1.333869212619155
5.985985985985986,-1.44663319158966
5.995995995995996,-1.071570382153279
6.006006006006006,-1.1316453524093624
6.016016016016016,-1.033270922822429
6.026026026026026,-1.2045516243793966
6.036036036036036,-0.8647154526081954
6.046046046046046,-1.000421012116023
6.056056056056056,-0.7564724019851595
6.066066066066066,-0.5163914528549266
6.076076076076076,-0.5372542763523771
6.086086086086086,-0.2697720235894732
6.096096096096096,-0.08234205977623131
6.106106106106106,-0.15839123225645738
6.116116116116116,0.019210308158636377
6.126126126126126,0.32674751873114427
6.136136136136136,0.33376771989158527
6.146146146146146,0.3361504045879764
6.156156156156156,0.6429688976510656
6.166166166166166,0.5221539816735619
6.176176176176176,0.5646092577889499
6.186186186186186,0.5729895271026756
6.196196196196196,0.8299347808973208
6.206206206206206,0.8400474915762712
6.216216216216216,0.5812273966737275
6.226226226226226,0.5996032364620695
6.236236236236236,0.668707732275549
6.246246246246246,0.5680723303164978
6.256256256256256,0.5349846374826276
6.266266266266266,0.32672088936664123
6.276276276276276,0.6131381458464984
6.286286286286286,0.556520913758504
6.296296296296296,0.384495303578515
6.306306306306306,0.3525860536110913
6.316316316316316,0.43470554398379446
6.326326326326326,0.3470616458889071
6.336336336336336,0.4082121598013234
6.346346346346346,0.2847830538422914
6.356356356356356,0.18880379598099353
6.366366366366366,0.13576741072311516
6.376376376376376,0.47883342352081343
6.386386386386386,0.2590051281146437
6.396396396396396,0.3761730211643827
6.406406406406406,0.445780804751032
6.416416416416417,0.694579647403777
6.426426426426427,0.7070695564395849
6.436436436436437,0.5222923299694133
6.446446446446447,0.6478090412015214
6.456456456456457,0.8292518448830846
6.466466466466467,0.9565857958917586
6.476476476476477,0.6198269472139586
6.486486486486487,0.6773608873754834
6.496496496496497,0.6679353780879779
6.506506506506507,0.5946766243051699
6.516516516516517,0.3985076495204033
6.526526526526527,0.574842074183177
6.536536536536537,0.4064251230569695
6.546546546546547,0.3929556874404429
6.556556556556557,0.3928321418992613
6.566566566566567,0.07416735062904886
6.576576576576577,0.17061500702845914
6.586586586586587,0.13289650944819487
6.596596596596597,-0.14791299772127972
6.606606606606607,-0.34606143595449546
6.616616616616617,-0.26128560193890216
6.626626626626627,-0.8203044911777557
6.636636636636637,-0.7828112881764325
6.646646646646647,-0.7332015601425496
6.656656656656657,-1.0976756807806625
6.666666666666667,-1.0464939045100132
6.676676676676677,-1.0621647868831345
6.686686686686687,-1.1599703526261644
6.696696696696697,-1.1901412619009828
6.706706706706707,-1.3497517195535085
6.716716716716717,-1.1112683545571718
6.726726726726727,-1.1292708141653651
6.736736736736737,-1.1670312974953463
6.746746746746747,-0.9922309958186213
6.756756756756757,-0.9750381191774868
6.766766766766767,-1.1377621982970194
6.776776776776777,-0.4286749554944229
6.786786786786787,-0.6004861547560234
6.796796796796797,-0.5607875846572281
6.806806806806807,-0.3772945426942379
6.816816816816817,-0.3528904834272752
6.826826826826827,-0.27334679684397106
6.836836836836837,-0.03106797010273847
6.846846846846847,-0.06826978479725104
6.856856856856857,0.10997099501515628
6.866866866866867,0.08155584609655678
6.876876876876877,-0.023183293518040327
6.886886886886887,0.25498207815584323
6.896896896896897,0.4236072582625279
6.906906906906907,0.2616543067394922
6.916916916916917,0.502461509425665
6.926926926926927,0.5197350154011173
6.936936936936937,0.3942427505434171
6.946946946946947,0.17965557532454404
6.956956956956957,0.2712519669373701
6.966966966966967,0.31823522098101414
6.976976976976977,-0.0025274274885511427
6.986986986986987,0.007046580257217966
6.996996996996997,0.08499452870535103
7.007007007007007,0.2652703052070596
7.017017017017017,0.14599164930838343
7.027027027027027,0.2547223307914445
7.037037037037037,0.08063456130439316
7.047047047047047,0.16933049348493526
7.057057057057057,0.2560637166061755
7.067067067067067,0.2575619787892219
7.077077077077077,0.39849965993756936
7.087087087087087,0.4083569360823151
7.097097097097097,0.6858816382248292
7.107107107107107,0.5102600485375628
7.117117117117117,0.45883839175361707
7.127127127127127,0.4491379811558833
7.137137137137137,0.8672167183356664
7.147147147147147,0.7089558758825928
7.157157157157157,0.8541291130502611
7.167167167167167,0.8238355209673619
7.177177177177177,0.8527505374325308
7.187187187187187,0.9578076778708331
7.197197197197197,1.092491689538753
7.207207207207207,0.9789714852634092
7.217217217217217,0.9590700563510108
7.227227227227227,1.0036284682187788
7.237237237237237,1.0355522686089305
7.247247247247247,0.7168746066532069
7.257257257257257,0.7595787165891921
7.267267267267267,0.5370765705008202
7.277277277277277,0.6338263210003923
7.287287287287287,0.40367926054206577
7.297297297297297,0.3388387737964866
7.307307307307307,0.21197818948438307
7.317317317317317,0.019113290246774564
7.327327327327327,-0.15367526651046998
7.337337337337337,-0.06566113561853798
7.347347347347347,-0.5539513216328973
7.357357357357357,-0.6283145472510933
7.367367367367367,-0.6669381578579899
7.377377377377377,-0.9593750394889421
7.387387387387387,-0.8963543497283359
7.397397397397397,-1.1779456811454314
7.407407407407407,-1.004200764544897
7.4174174174174174,-1.0934402447796563
7.4274274274274275,-1.1567628451088001
7.4374374374374375,-1.0630882760668254
7.4474474474474475,-1.3601793638037245
7.4574574574574575,-1.1086317986538183
7.4674674674674675,-1.067922300846265
7.4774774774774775,-1.1232501293599426
7.4874874874874875,-1.004696690984547
7.4974974974974975,-0.7695156762181521
7.5075075075075075,-0.5803649256543545
7.5175175175175175,-0.5192040726255696
7.5275275275275275,-0.6830022562909455
7.5375375375375375,-0.43553205233436554
7.5475475475475475,-0.21996925687424723
7.5575575575575575,-0.4039975160991422
7.5675675675675675,-0.21811418856579767
7.5775775775775776,-0.27241972092274686
7.587587587587588,-0.24697672197889686
7.597597597597598,-0.055994339923576386
7.607607607607608,-0.012644198424674263
7.617617617617618,0.1753443538402879
7.627627627627628,-0.1044961555852466
7.637637637637638,-0.2053722488613285
7.647647647647648,9.56005093199e-06
7.657657657657658,0.009452818302849178
7.667667667667668,4.474330418420547e-05
7.677677677677678,-0.12621036853675488
7.687687687687688,-0.10769533702286914
7.697697697697698,0.055739678639698725
7.707707707707708,-0.12463684792765635
7.717717717717718,-0.16892773467236466
7.727727727727728,0.020426486688573414
7.737737737737738,-0.06519455365619121
7.747747747747748,0.13383738636177744
7.757757757757758,-0.2377411323211998
7.767767767767768,-0.0453085035270781
7.777777777777778,-0.17788623309539556
7.787787787787788,0.08474388889318257
7.797797797797798,0.09267519336382811
7.807807807807808,0.2098073324553394
7.817817817817818,0.3677465155150065
7.827827827827828,0.5247408566119337
7.837837837837838,0.5136492523696317
7.847847847847848,0.7006921578049639
7.857857857857858,0.6934746685829869
7.867867867867868,0.8442388734019682
7.877877877877878,0.8363266607462178
7.887887887887888,1.0060023987443754
7.897897897897898,1.0244503546134063
7.907907907907908,1.1747115831999613
7.917917917917918,1.0822797173601986
7.927927927927928,1.0975014816431221
7.937937937937938,1.1442692144206996
7.947947947947948,1.1764286940957656
7.957957957957958,1.1927987791463073
7.967967967967968,1.1399080212354769
7.977977977977978,1.1195534967483631
7.987987987987988,0.9887876771545722
7.997997997997998,0.8526182215995263
8.008008008008009,0.641529850238085
8.018018018018019,0.41299919852312356
8.028028028028029,0.4306717860467785
8.038038038038039,0.31283398208091984
8.048048048048049,-0.019454485923126014
8.058058058058059,-0.10082672153932293
8.068068068068069,-0.28633432259361186
8.078078078078079,-0.5201376804116613
8.088088088088089,-0.49487640623272955
8.098098098098099,-0.44223938169594323
8.108108108108109,-0.8075235405062334
8.118118118118119,-0.8024379712731676
8.128128128128129,-0.9348188544293219
8.138138138138139,-0.9373085265831171
8.148148148148149,-0.8634780541301229
8.158158158158159,-0.8558467990731603
8.168168168168169,-0.8127311075501795
8.178178178178179,-0.9181557403956174
8.188188188188189,-0.8508458931295555
8.198198198198199,-0.8115643590076543
8.208208208208209,-0.8419308602698298
8.218218218218219,-0.8030265939797476
8.228228228228229,-0.5324494669361721
8.238238238238239,-0.48379895241027204
8.248248248248249,-0.4667626355022588
8.258258258258259,-0.5422692239523026
8.268268268268269,-0.5006924872450496
8.278278278278279,-0.150092850210233
8.288288288288289,-0.2593218223593698
8.298298298298299,-0.3194241124694268
8.308308308308309,-0.3489687985143177
8.318318318318319,-0.27726386506339995
8.328328328328329,-0.22182320100931116
8.338338338338339,-0.430002242873448
8.348348348348349,-0.3334496076032938
8.358358358358359,-0.15348169384939286
8.368368368368369,-0.3659568311955125
8.378378378378379,-0.20387451419575311
8.388388388388389,-0.32572161759989327
8.398398398398399,-0.5065746368059356
8.408408408408409,-0.475745702135631
8.418418418418419,-0.7417141716803768
8.428428428428429,-0.576586159797361
8.438438438438439,-0.599587355326139
8.448448448448449,-0.440375191758576
8.458458458458459,-0.5174300573584499
8.468468468468469,-0.4409854573525399
8.478478478478479,-0.41797413569586134
8.488488488488489,-0.36798816568452947
8.498498498498499,-0.08407577419454895
8.508508508508509,-0.07055560293781626
8.518518518518519,-0.14872442608566222
8.528528528528529,0.1013054583875473
8.538538538538539,0.060359584283731005
8.548548548548549,0.18178385503359962
8.558558558558559,0.6120204955194526
8.568568568568569,0.7150164832765403
8.578578578578579,0.7641342650573761
8.588588588588589,0.8025353911295826
8.598598598598599,0.993746683827721
8.608608608608609,1.1394161388832351
8.618618618618619,1.0581893839464147
8.62862862862863,1.238105621166078
8.63863863863864,1.338785773300387
8.64864864864865,1.254473419225226
8.65865865865866,1.32796980824925
8.66866866866867,1.2851242341865274
8.67867867867868,1.2939961958105255
8.68868868868869,1.042849617141107
8.6986986986987,1.2407450276796685
8.70870870870871,0.9374621057823869
8.71871871871872,1.0696843344422584
8.72872872872873,0.6676264671852861
8.73873873873874,0.6758686436228378
8.74874874874875,0.5457715098581657
8.75875875875876,0.5250359841871357
8.76876876876877,0.1694974449402407
8.77877877877878,0.0635127029574126
8.78878878878879,0.034352049960697406
8.7987987987988,0.04609194540812503
8.80880880880881,-0.14963202486472826
8.81881881881882,-0.3939125918661692
8.82882882882883,-0.39610174795095643
8.83883883883884,-0.4013049459468353
8.84884884884885,-0.6079590691853077
8.85885885885886,-0.5749925211400719
8.86886886886887,-0.617598365285796
8.87887887887888,-0.5534053211779874
8.88888888888889,-0.5910926645430638
8.8988988988989,-0.6589311835120839
8.90890890890891,-0.4565452013635097
8.91891891891892,-0.31951407857699743
8.92892892892893,-0.48790291622658744
8.93893893893894,-0.394591493468604
8.94894894894895,-0.23579537058625827
8.95895895895896,-0.5383013247442524
8.96896896896897,-0.2978191675604695
8.97897897897898,-0.5298426796367421
8.98898898898899,-0.1344952797512347
8.998998998999,-0.21712219316694936
9.00900900900901,-0.2069061970707503
9.01901901901902,-0.451385249100765
9.02902902902903,-0.41867520796254903
9.03903903903904,-0.34189287940970764
9.04904904904905,-0.22742832604006388
9.05905905905906,-0.3927737574351664
9.06906906906907,-0.4716767619511992
9.07907907907908,-0.6732827550343361
9.08908908908909,-0.5318640716921358
9.0990990990991,-0.6519959592278445
9.10910910910911,-0.5230682492620473
9.11911911911912,-0.7441690638105003
9.12912912912913,-0.705653274061323
9.13913913913914,-0.8428018539484586
9.14914914914915,-0.8824214063413229
9.15915915915916,-0.8704597314266505
9.16916916916917,-0.8898083829699378
9.17917917917918,-0.6820888114548849
9.18918918918919,-0.9631341331226666
9.1991991991992,-0.752793515253673
9.20920920920921,-0.9081211257344559
9.21921921921922,-0.5938373036196486
9.22922922922923,-0.47113994278685495
9.23923923923924,-0.3687343537086327
9.24924924924925,-0.2471708523810136
9.25925925925926,-0.004355533708908468
9.26926926926927,0.11964110014745157
9.27927927927928,0.28652259342872305
9.28928928928929,0.4974603230540625
9.2992992992993,0.6071351419494324
9.30930930930931,0.7587152921244382
9.31931931931932,0.7865739779231039
9.32932932932933,0.9039649687798723
9.33933933933934,1.0609740463737254
9.34934934934935,1.041650939508086
9.35935935935936,1.1863794029253032
9.36936936936937,1.330095757506542
9.37937937937938,1.2933942692543139
9.38938938938939,1.378321934062583
9.3993993993994,1.3582131649000493
9.40940940940941,1.280313026364883
9.41941941941942,1.1171071452327013
9.42942942942943,1.171678180198823
9.43943943943944,0.9420777295412032
9.44944944944945,0.9609863467395788
9.45945945945946,0.8433022791243684
9.46946946946947,0.6994848423435786
9.47947947947948,0.6346582364978893
9.48948948948949,0.4258616887517879
9.4994994994995,0.2245054347928084
9.50950950950951,0.24290939326531913
9.51951951951952,0.21654989018641174
9.52952952952953,0.07796025767884693
9.53953953953954,0.023514225229233382
9.54954954954955,-0.012554287666760006
9.55955955955956,-0.30647313340822563
9.56956956956957,-0.2815522623281361
9.57957957957958,-0.24130668229476782
9.58958958958959,-0.467689814115527
9.5995995995996,-0.3429452732444386
9.60960960960961,-0.1275194797486302
9.61961961961962,-0.27354804479375644
9.62962962962963,-0.32859232668717236
9.63963963963964,-0.0856532967288142
9.64964964964965,-0.16041207488121506
9.65965965965966,0.022624261160778203
9.66966966966967,-0.182290634013063
9.67967967967968,-0.00557120553141037
9.68968968968969,-0.20776623758466542
9.6996996996997,-0.16568466165784604
9.70970970970971,-0.35898558696694366
9.71971971971972,0.021245338116168022
9.72972972972973,-0.12890008321326613
9.73973973973974,-0.19864845861922692
9.74974974974975,-0.2679085207347974
9.75975975975976,-0.452509785932742
9.76976976976977,-0.32877103888964304
9.77977977977978,-0.5644848924612962
9.78978978978979,-0.6364252709468421
9.7997997997998,-0.7865542212628716
9.80980980980981,-0.4287873308610515
9.81981981981982,-0.663713689119068
9.82982982982983,-0.8453976397545835
9.83983983983984,-0.8006461397376456
9.84984984984985,-1.0231669317761554
9.85985985985986,-1.060800241333426
9.86986986986987,-1.2243987902925466
9.87987987987988,-1.214284841121678
9.88988988988989,-1.090047716368921
9.8998998998999,-1.0550114025702262
9.90990990990991,-1.1642678970549487
9.91991991991992,-0.8241606081111713
9.92992992992993,-1.0866734746880236
9.93993993993994,-0.7069930370875789
9.94994994994995,-0.7038490883305224
9.95995995995996,-0.6292747413248785
9.96996996996997,-0.3762358548129593
9.97997997997998,-0.2711330859569089
9.98998998998999,-0.07925320328290854
10.0,-0.1307337384448474
